Category,records,avg_daily_units_sold,avg_profit_density,avg_shelf_life_days,high_priority_share,short_shelf_life_share
Home,391,111.59079283887468,22.377061699852153,2222.0562659846546,75.44757033248082,0.0
Clothing,378,113.25661375661376,28.074473882289976,943.531746031746,34.12698412698413,0.0
Electronics,387,110.68733850129199,25.787978975178095,1394.4909560723513,33.59173126614987,0.0
Beauty,402,112.24378109452736,31.505634754633647,530.9129353233831,20.149253731343283,0.0
Grocery,442,113.40497737556561,24.226575076374115,42.64932126696833,7.239819004524888,36.65158371040724
